Price,Close,High,Low,Open,Volume
Ticker,EXE,EXE,EXE,EXE,EXE
Date,,,,,
2021-02-10,36.691490173339844,40.77738253441897,35.068548979600315,35.068548979600315,1836900
2021-02-11,34.90544509887695,37.08295933521434,34.86466833122945,37.08295933521434,1652100
2021-02-12,34.66893768310547,35.47633142227552,33.8860124949254,35.07671160749944,2088200
2021-02-16,35.51709747314453,37.14003857128534,35.076701021058014,36.04720465929317,1369100
2021-02-17,36.09614944458008,36.37343586085682,35.47633439640946,35.908573796961754,1910200
2021-02-18,35.06855392456055,36.69964945593546,34.8891324205676,36.079834522882834,1589500
2021-02-19,35.88410186767578,36.39789783369832,35.07670820678322,35.6068155015283,1048200
2021-02-22,35.75360870361328,36.72410927635743,35.59865577181736,36.56915634456151,1449400
2021-02-23,35.606815338134766,35.84332493692452,34.253006171054835,35.84332493692452,888400
2021-02-24,36.699649810791016,36.76489512598944,34.77495656738756,35.26428709817216,3153100
2021-02-25,36.495765686035156,37.10742656345474,35.965658347844276,36.96062770398859,2485000
2021-02-26,36.0308952331543,36.650710074969226,35.407001782012316,36.34080420959545,466100
2021-03-01,36.430511474609375,36.92799603126603,35.949341355098504,36.251093109881246,718900
2021-03-02,36.944305419921875,38.12685005452154,36.430509564131114,36.430509564131114,756600
2021-03-03,38.534629821777344,38.85269293523388,36.87906894349449,37.11557541820085,1214600
2021-03-04,37.66199493408203,39.79057503619161,37.34393181281374,38.86900521762031,679700
2021-03-05,36.72412109375,38.39599678453781,35.90041908020425,38.33075145895443,968200
2021-03-08,36.185848236083984,36.805666190169454,35.07670293809304,36.44682323430922,1125500
2021-03-09,36.112449645996094,36.65071098098011,35.57337321133999,35.631276398732545,183400
2021-03-10,36.495765686035156,36.59363055532322,35.69652917953508,36.09614587725106,484300
2021-03-11,36.9769287109375,37.368391189870515,36.3000227022571,36.49575549725723,578900
2021-03-12,37.311309814453125,37.76801767752155,36.609938246946115,37.621218832644836,684300
2021-03-15,37.311309814453125,37.719083692206716,36.781202528946345,37.44995143957681,626800
2021-03-16,36.5446891784668,37.413246254918306,35.83923913361893,37.335768237159535,717600
2021-03-17,36.92800521850586,37.18898027855361,36.047215168611736,36.593630728377924,543100
2021-03-18,35.476318359375,36.90352656923491,35.247966041338856,36.6343943849206,886900
2021-03-19,35.321372985839844,35.688366972156224,34.90544190511537,35.31321576641594,537100
2021-03-22,34.86466598510742,35.47632679186369,34.187759865651294,35.256128528103304,539100
2021-03-23,34.008338928222656,34.840197936374004,33.470077583073845,34.48135496556312,447000
2021-03-24,33.926788330078125,34.90544634386401,33.6658132745443,34.66078261818455,688700
2021-03-25,34.38349533081055,34.522140075401595,32.62191219663498,33.55979341671542,675200
2021-03-26,35.33768081665039,35.34583492419971,34.36717713171147,34.473199196256765,325000
2021-03-29,34.677085876464844,35.4844762943825,34.530287053013026,35.39476866766625,204000
2021-03-30,35.18273162841797,35.39477579882208,33.673969441379015,34.47320591282752,480200
2021-03-31,35.38661193847656,36.30655145223458,34.40795413895272,35.09301428751267,446700
2021-04-01,36.64255905151367,37.34800608216853,34.92583148628108,35.141951132794624,619000
2021-04-05,36.42235565185547,36.826050842316604,35.47632056132937,36.55284314327054,580000
2021-04-06,36.870914459228516,37.47442118647828,35.92487915702168,36.70780428069605,725400
2021-04-07,36.78119659423828,37.515190700190665,36.21031574635008,36.78935381267513,943000
2021-04-08,36.968780517578125,37.36839716765662,36.51207266356354,36.69149416175994,732100
2021-04-09,37.14004898071289,37.441800807167645,36.275567159628245,36.862762593653144,686000
2021-04-12,37.06664276123047,37.449948056163045,36.90353260265165,37.246061135706405,640400
2021-04-13,37.11557388305664,37.36839478612373,36.960620942441835,36.985086377521135,312000
2021-04-14,37.67015075683594,37.76801873019339,36.90353696527651,37.24606553882395,821100
2021-04-15,37.67015075683594,37.988217003645836,36.985090498673166,37.64568531903051,465700
2021-04-16,37.22975158691406,38.24102893397556,36.96469797759635,38.08607599996042,390800
2021-04-19,37.49073028564453,38.02491305527618,37.0340224351303,37.27868613284347,386400
2021-04-20,37.278682708740234,37.76801317028854,36.136917853929035,37.490726842064724,595800
2021-04-21,37.7109260559082,37.99636649920749,36.52103917952417,37.14004205824213,593000
2021-04-22,37.58043670654297,38.24918552178191,37.392858011793216,37.73538963800216,1098600
2021-04-23,37.890350341796875,38.510168416909806,37.04217987641496,37.55597586558816,471700
2021-04-26,38.232879638671875,38.7058957189796,37.73539501017962,37.79248310416387,380100
2021-04-27,38.22472381591797,38.73851979162165,37.82510714342347,38.04530541872505,721700
2021-04-28,37.66199493408203,38.59171886119478,37.466262107342,38.45307723851588,599700
2021-04-29,38.28997802734375,39.55407676568277,37.34394250130831,37.8577354853055,1033800
2021-04-30,37.16450881958008,38.722204818042115,36.9606218924983,37.9311225454232,766100
2021-05-03,37.80879211425781,38.02083314875922,37.034021172034315,37.490729006971904,870300
2021-05-04,37.51519012451172,37.92296393021294,37.18896983552385,37.92296393021294,772200
2021-05-05,38.11869812011719,38.84453502304411,37.59266951819358,37.70276708089045,1923400
2021-05-06,38.74666976928711,39.00764789487088,38.0779209057059,38.0779209057059,1222600
2021-05-07,40.1004753112793,40.369607521400944,38.46122595049202,38.46122595049202,1809500
2021-05-10,40.426692962646484,40.752913236417946,40.16571798805616,40.47562693703233,840000
2021-05-11,40.01076889038086,40.557184323406986,39.27677475982759,40.100476518721905,1135800
2021-05-12,40.35329818725586,42.96305134370275,39.374640364704845,42.96305134370275,2008400
2021-05-13,40.36960983276367,41.258556921200565,39.30124126063957,40.36145572489947,831200
2021-05-14,39.8558235168457,40.63059461519087,39.73349320304482,39.96184561099439,2141500
2021-05-17,40.76923370361328,41.10360815923148,39.806887102357436,39.937374618914106,1427100
2021-05-18,41.83760070800781,42.408484779171786,41.266716636843846,41.42982681590039,2565200
2021-05-19,41.59293746948242,41.795194218262765,40.787177095695874,41.111764146863344,928100
2021-05-20,41.177005767822266,41.90202764140959,41.039176137339275,41.511380208710726,913100
2021-05-21,41.41020202636719,41.648334019766885,40.79023877886417,41.41841207023213,1668000
2021-05-24,41.50874328613281,41.82077824207575,40.917522950946974,41.63191588601825,955800
2021-05-25,41.418418884277344,42.01785242212174,40.98321444243087,41.44305528474319,726400
2021-05-26,43.35631561279297,43.60265769221604,41.110490776107135,41.41020911321836,1400600
2021-05-27,43.479488372802734,43.72583045309886,42.32167777624242,43.72583045309886,1807600
2021-05-28,43.35631561279297,43.68477380696339,42.929321213335214,43.52054470987818,652500
2021-06-01,45.064292907714844,45.15461906712504,43.62729379959494,43.98859530482625,1429300
2021-06-02,43.86541748046875,45.16282373870051,43.684768315552134,45.16282373870051,1079700
2021-06-03,43.91468811035156,44.25135631488614,43.09354584247122,43.840785180945964,755700
2021-06-04,44.69477462768555,44.87542693196648,43.42200471798341,43.98859176448832,929500
2021-06-07,45.60624694824219,46.04145139211036,44.85079435610609,45.647303439330024,1978600
2021-06-08,45.58161163330078,45.92649305795371,44.530550400852924,45.20388689444103,1999500
2021-06-09,45.51591491699219,45.85258311233851,44.760462422307114,45.65550759516572,886200
2021-06-10,45.63909149169922,45.84437707099097,44.96575190980566,45.7458377375962,1343100
2021-06-11,46.16463088989258,46.42739623097547,45.483081132927005,45.91828564176867,1086800
2021-06-14,45.84437942504883,46.56698244592593,45.54055449676123,46.10714472944223,1610100
2021-06-15,45.95111846923828,46.79689709673258,45.515914089422985,46.79689709673258,1689500
2021-06-16,44.41558837890625,46.279581828111965,44.21030279814451,45.951123645929435,2412100
2021-06-17,44.14460754394531,44.399162778120875,42.70760855559227,44.27599018329836,2991600
2021-06-18,43.610870361328125,44.1774574506349,43.290625348571716,43.58623709339592,3169900
2021-06-21,45.22852325439453,45.335269507186176,43.43021945890559,43.96396325250203,2881500
2021-06-22,44.02144241333008,45.33526893614376,43.40558564343438,45.33526893614376,2750100
2021-06-23,43.46306228637695,44.571603140881756,43.200297000384566,44.24314809959592,1302700
2021-06-24,43.594444274902344,44.50591271743389,43.01964404576982,43.389158702527105,1768800
2021-06-25,43.62730026245117,43.980391774773906,43.265995571287476,43.70120320997011,13760200
2021-06-28,41.878257751464844,43.84078736843623,41.66476212942336,43.602655347090845,1853900
2021-06-29,40.687599182128906,42.96216366437223,40.408410682767396,42.12459816628771,1478000
2021-06-30,42.633705139160156,42.72403129001239,40.72044527961675,40.72865532405369,1480100
2021-07-01,44.33347702026367,44.48949293967869,43.019647375913266,43.37273883832417,1452700
2021-07-02,44.82615661621094,45.09713193628658,43.93111141718134,44.34989259635612,755800
2021-07-06,44.22673034667969,44.83437397102387,43.27420528406717,44.83437397102387,809900
2021-07-07,44.555179595947266,44.90006098906782,43.24956322020877,44.06249547138564,844800
2021-07-08,44.842586517333984,44.990392398450595,43.79152525820223,44.1692500066515,820400
2021-07-09,45.00681686401367,45.121776300851984,44.44022659329664,45.121776300851984,599500
2021-07-12,44.94933319091797,45.179252044366166,44.19388060723047,44.76046769568901,895700
2021-07-13,44.1856803894043,45.02324614063214,44.15283393663219,44.90828355592977,495800
2021-07-14,41.74687194824219,44.620869811741606,41.71402550659544,44.38273780841633,786600
2021-07-15,41.64834213256836,42.09996981092888,41.05711862203992,41.34451719943038,1350300
2021-07-16,41.17207336425781,42.21492443438531,40.0963789836042,41.89467944678891,805500
2021-07-19,40.15385818481445,41.13922640114112,39.57084479351653,40.64654229297779,1172800
2021-07-20,41.72224426269531,41.95626970900852,39.94036372018344,40.12101604098995,874700
2021-07-21,43.487693786621094,43.766882283198726,41.689393346329666,42.1410209675087,1125800
2021-07-22,44.32526397705078,44.85900776112631,43.00322428341929,43.4384318619027,890400
2021-07-23,44.990386962890625,45.006810184631576,43.89005616552105,44.5305461513718,1090800
2021-07-26,45.310630798339844,45.893641059408694,44.76046384750464,45.15461489440019,1040000
2021-07-27,45.12998580932617,45.42559757619581,44.69478133721792,45.056082867608765,952300
2021-07-28,45.52412414550781,45.893638775830325,44.94111391344842,45.26957205871488,730500
2021-07-29,45.442020416259766,45.918281378096275,45.064295665077424,45.910071332379125,562900
2021-07-30,44.382747650146484,45.60625124731847,44.07071265012783,45.368119191188185,622700
2021-08-02,43.766883850097656,45.327055469018234,43.660134474299696,44.32526086324338,567600
2021-08-03,44.80974197387695,45.015027580549436,43.30705296188745,43.68477772638648,576400
2021-08-04,44.735836029052734,45.57176024136788,43.71762124241413,44.259575082375854,559300
2021-08-05,44.51412582397461,45.261365233523,44.21030403303545,44.80152752451443,558300
2021-08-06,45.19567108154297,45.458436356123286,44.702983842398005,44.80973321407412,380200
2021-08-09,44.390953063964844,44.94933006847327,44.2185108034481,44.8343675173257,748700
2021-08-10,45.573402404785156,45.83616771760737,44.18567290066727,44.44022503548337,792800
2021-08-11,46.75584411621094,47.47845025873365,45.45022765902544,46.608038243140165,2950300
2021-08-12,48.291385650634766,48.693743672310106,46.52592823843982,46.87080967514264,1699400
2021-08-13,46.63267135620117,48.48024150693109,46.353482852572284,48.472028329889774,1459400
2021-08-16,45.84437942504883,46.59982889207748,44.62087593138432,46.04145183713913,1790400
2021-08-17,44.973968505859375,46.69836625002787,44.546974092585074,45.3681164721719,862000
2021-08-18,43.044273376464844,44.99859272386461,43.02785328869628,44.891843358915196,605200
2021-08-19,42.67476272583008,42.79793218097229,41.640121761144975,42.09174936148446,1189500
2021-08-20,43.24956130981445,43.594442687701104,42.20671339663673,42.214923440972754,1388400
2021-08-23,43.18674850463867,44.02155316496712,42.913988579589315,43.60828284434857,1059600
2021-08-24,43.55869674682617,43.82318952603173,42.641236039518226,43.40165199148356,1247000
2021-08-25,43.831443786621094,44.08767248886435,42.91398328359099,43.484298273583725,980900
2021-08-26,43.897579193115234,44.046356778512184,43.28593765837191,43.69920802825173,953200
2021-08-27,45.77383041381836,46.699555227523135,44.14554402789777,44.228196846745305,2092500
2021-08-30,45.28615951538086,46.00524894318152,45.16217716613841,45.963922544434745,516500
2021-08-31,46.129234313964844,46.2449494992362,45.253100099335235,45.253100099335235,1772800
2021-09-01,46.79046630859375,46.85658792047803,45.823412116642274,46.10443606140569,1345300
2021-09-02,48.17905807495117,48.592328424224036,46.914448662134475,47.11281981710657,1362400
2021-09-03,48.79068374633789,48.922930097616565,47.80710170576537,48.60884698395579,1015300
2021-09-07,49.451934814453125,50.22061481474259,48.78243566877846,48.78243566877846,1694900
2021-09-08,50.31979751586914,50.79092545155316,49.45193043187239,49.5924408341279,1972900
2021-09-09,50.06357192993164,51.37777182111123,49.815610340709625,50.2454119000957,1752500
2021-09-10,49.21223068237305,50.77439199447788,49.18743231902059,50.71653440165936,1394800
2021-09-13,51.79103469848633,51.799298717297596,49.97264471879342,50.05530067191713,2490200
2021-09-14,50.989295959472656,52.340691804414874,50.68347677544705,52.08859663219024,1377500
2021-09-15,52.05552673339844,54.02269424891586,51.815829202108056,51.815829202108056,2657300
2021-09-16,50.57602310180664,52.165461107780985,50.4355126995709,51.74144533512454,1432300
2021-09-17,50.476837158203125,51.28684661547792,49.708154102758215,50.71653470301978,7431800
2021-09-20,49.36100769042969,50.83224901055493,48.567526285202696,49.31967813631196,1288800
2021-09-21,48.15425109863281,49.72467940623443,47.96414715032348,49.600697062423045,1069100
2021-09-22,48.402225494384766,49.25356142343764,48.1707919497179,48.93121104847597,1074600
2021-09-23,49.98091506958008,50.352855846785864,48.34436492966641,48.43528175438182,1226900
2021-09-24,48.42702102661133,50.46031044594819,48.385694621113124,49.782547306169235,1278600
2021-09-27,51.64225769042969,51.757972873043286,49.642030898389464,49.642030898389464,1729300
2021-09-28,51.32817840576172,52.89860706418065,51.10501518185207,52.41921192422023,1424600
2021-09-29,50.30326843261719,51.369506711968384,50.1214284663085,51.03888916468034,1220400
2021-09-30,50.906639099121094,51.534808609989376,49.83213687755561,50.54296234577655,1773500
2021-10-01,51.3116455078125,51.873690253895866,50.790924010982565,51.48521828908835,1261100
2021-10-04,53.42757797241211,53.931768187147725,52.0141944594004,52.16297200319129,1710300
2021-10-05,55.312095642089844,55.3782204037742,53.320136067882316,54.35331182168407,2127000
2021-10-06,52.87380599975586,54.70872723819238,52.21257096222759,54.692192893951606,1171300
2021-10-07,53.51850891113281,54.07228965206165,52.344822661580814,52.92339861389379,1223300
2021-10-08,54.36983871459961,54.62441210512074,53.33666298254655,54.03922121914178,1000700
2021-10-11,51.84889602661133,55.71710978057495,51.84063200720437,55.50220743996464,1231000
2021-10-12,51.32817840576172,52.344826284918796,50.94797042420856,51.56787597574193,1053600
2021-10-13,51.286842346191406,51.92327897100016,50.52642652621341,51.16286315102217,1199600
2021-10-14,52.9068717956543,53.030854161440466,51.65052955749773,52.08032794541737,1024500
2021-10-15,51.865421295166016,53.92350556972331,51.69184853042062,53.92350556972331,949700
2021-10-18,52.22910690307617,52.80355245059097,51.63399972938614,51.906756527118525,854000
2021-10-19,51.09674072265625,52.19604125739483,50.84877916800161,52.03899652214518,747700
2021-10-20,51.50175476074219,51.79930677929162,50.278474841141055,50.774398025059476,937900
2021-10-21,50.77440643310547,51.42737448402914,50.005723163639026,51.09675687133271,444800
2021-10-22,51.303375244140625,51.42735759643957,50.29499469424896,50.8239833314559,617200
2021-10-25,55.998130798339844,56.510588287615576,52.68370407494,53.23748796741475,2842900
2021-10-26,55.85761642456055,57.361920095644386,55.50220370691964,56.179966760792475,1438200
2021-10-27,54.72525405883789,56.56844242838541,54.667396467291795,55.87414502382779,1228300
2021-10-28,54.78311538696289,55.956801641810955,54.04749468455777,54.6343378119818,1169600
2021-10-29,52.68370819091797,55.130264873266256,51.8406362571816,55.130264873266256,1510700
2021-11-01,54.37811279296875,54.69633272454096,53.10523937268496,53.10523937268496,1744600
2021-11-02,54.030967712402344,54.32025569557618,53.43585740072755,53.89871817380568,1361100
2021-11-03,55.832820892333984,57.345385420525254,53.601157455158905,54.97321789868185,2756400
2021-11-04,54.221073150634766,57.023045851278155,54.163215549081876,56.43620266238292,1459700
2021-11-05,54.40290832519531,55.0889386158968,53.95244515959212,54.67566826814965,1104700
2021-11-08,54.7335319519043,54.915371934097585,54.00617202313113,54.8409799841068,1106200
2021-11-09,55.684051513671875,56.15517947976031,54.17148045717548,54.46903562586347,2139500
2021-11-10,52.154720306396484,55.36996333437175,51.87369632396919,55.29557769340837,1423900
2021-11-11,53.262290954589844,53.849134163496615,52.15472300794454,52.402687769344396,836500
2021-11-12,52.00593948364258,53.31849030629356,51.8736930973734,52.79115378155443,755400
2021-11-15,51.58440017700195,52.758089501716675,50.75785955365438,52.617575956186414,1562200
2021-11-16,51.48522186279297,52.08032903318966,51.23726027904413,51.78277702449262,1413200
2021-11-17,52.69196701049805,53.130032550801026,51.32817366196655,51.64225999522274,1145900
2021-11-18,53.088714599609375,53.28708261188196,52.15471952589867,52.510132296973325,1033500
2021-11-19,51.03062438964844,52.25390425170673,50.44377809424676,51.80757151537392,1328200
2021-11-22,50.6008186340332,51.71664722898792,50.54296104188013,51.03062014217195,724100
2021-11-23,53.22984313964844,53.47127114451492,50.89885278336135,50.98210436706069,1249600
2021-11-24,53.84589385986328,53.920815523978476,52.68039705698077,52.68039705698077,639100
2021-11-26,53.21319580078125,53.90416969339907,50.99043079105317,52.59714992554749,1178700
2021-11-29,51.09032440185547,53.929138178077444,50.94047473354978,53.57116432331641,1557600
2021-11-30,49.566856384277344,50.56585310182915,49.05903286760467,50.25782702323302,2053500
2021-12-01,47.45232009887695,51.240180103204025,47.244195887916966,51.131954624302274,1615000
2021-12-02,50.682403564453125,50.75732839977332,48.15161265555221,48.78430879491589,1691700
2021-12-03,50.22453689575195,51.75632806358956,49.63346171386633,50.982108908420976,961200
2021-12-06,49.77499008178711,51.14860805220779,48.43883294726967,51.14860805220779,1390800
2021-12-07,52.597145080566406,52.821919584843386,49.99392864993103,49.99975610179314,1039000
2021-12-08,53.662742614746094,53.93746808129591,52.18922290729958,52.80527193258741,601900
2021-12-09,52.71369934082031,53.27979744270694,52.35572544769425,52.83024838961049,799100
2021-12-10,53.1132926940918,53.44628949291646,52.205871097958365,53.29643982194228,669700
2021-12-13,51.53987503051758,53.11329342157426,51.464950194004246,52.32242085298319,1074700
2021-12-14,51.3900260925293,52.63877126846359,50.59082994210492,51.065352854902095,1491200
2021-12-15,50.73235321044922,51.331751915139314,50.074683160273395,51.115304147180794,998800
2021-12-16,51.082008361816406,52.55386094536928,50.98210962679402,52.55386094536928,957800
2021-12-17,50.58250427246094,51.814602333576566,49.99975905186698,51.023729736840565,1048000
2021-12-20,50.033058166503906,50.636620273130525,48.97578998801689,49.65011038723118,1128100
2021-12-21,51.30677795410156,52.15592505928696,50.13295760958242,50.58250346173203,874800
2021-12-22,51.95612335205078,52.76364623616726,51.15692721404942,51.21520173396266,626500
2021-12-23,52.597145080566406,53.22984121519106,52.03104703477026,52.155922817942944,959400
2021-12-27,54.819908142089844,54.824074690645666,51.72302248056325,52.55551920664342,771200
2021-12-28,54.91149139404297,55.1645711474834,54.36204677649362,54.944792030174284,641700
2021-12-29,54.586814880371094,54.98641613870325,54.23716774898453,54.786612333813906,646100
2021-12-30,53.5711669921875,55.06966374989829,53.4129969215849,54.44529115942653,571400
2021-12-31,53.71268844604492,53.97076676200004,53.00506746657319,53.52954449308635,454900
2022-01-03,55.402671813964844,55.5275412691106,53.88752769420512,54.02905064433522,849000
2022-01-04,55.59413528442383,57.275782377132714,55.27778878696361,55.694037186938566,1151600
2022-01-05,54.270477294921875,57.85853705692401,54.228849907539306,57.259138246721385,1535700
2022-01-06,55.560829162597656,56.118606790572656,54.27878345512682,54.9364566243035,1401100
2022-01-07,57.69203186035156,58.01670511031247,55.54418855180503,56.010384736067536,1212900
2022-01-10,58.44126892089844,59.406968193172524,57.034353741735124,57.43394862226874,2126500
2022-01-11,58.183204650878906,59.015701505350144,56.876184843416944,58.53285180540956,1894200
2022-01-12,60.86384201049805,61.32171779449496,57.883501919900986,59.00737133800199,1820900
2022-01-13,58.3580322265625,61.11360132264487,58.18320863731908,61.04700004537669,1035900
2022-01-14,59.54016876220703,59.66504455337898,58.00421749056566,58.66605092689648,1534500
2022-01-18,57.833553314208984,60.930442405126996,57.25080174735168,60.77226598175271,1464200
2022-01-19,56.218502044677734,58.81589407723758,55.71900528688242,58.00004450339674,1515600
2022-01-20,53.93746566772461,56.85120431827915,53.79594274333048,55.6024591823272,2253500
2022-01-21,52.480594635009766,53.76264036171641,51.88119597302266,53.22983978677065,1823900
2022-01-24,53.07999038696289,53.1382680800349,51.15692496300013,51.231849796123555,1705700
2022-01-25,55.8855094909668,56.568156632373544,52.70537505407138,53.404672513039685,2560500
2022-01-26,56.96775436401367,58.74929694804038,55.943780539781415,57.309074737793544,1722800
2022-01-27,57.542179107666016,58.85751917896685,55.67738176727274,58.566146579357365,1875000
2022-01-28,56.9344596862793,58.532852131419354,56.31841378894455,57.517204947076095,1823000
2022-01-31,56.75130081176758,57.475575256604415,56.13525500723679,56.801254934772686,1025000
2022-02-01,57.00104904174805,57.65039543985738,56.141076002787145,56.32672875931846,1747100
2022-02-02,57.85852813720703,59.34037143873426,56.50988102216431,58.27477654107183,2622100
2022-02-03,56.3516960144043,57.683689283502325,55.85219298097824,57.10093786165356,1319900
2022-02-04,55.76063919067383,57.53385511143223,55.519214353330774,56.6097831431851,1200900
2022-02-07,55.60247039794922,56.214356146105374,54.8282480034321,55.11962065697134,1411200
2022-02-08,54.711692810058594,55.90216353376304,53.70437240560818,55.36103932272523,1751500
2022-02-09,54.67839050292969,55.10296565263383,54.070665039570954,54.54518796520032,1519900
2022-02-10,54.628440856933594,55.893833164812094,54.12061731425599,54.12061731425599,1403700
2022-02-11,57.56715774536133,57.94177878271148,55.57749080625478,56.05201375090682,1813800
2022-02-14,56.418304443359375,58.25812793134805,55.89383375422807,57.55050058145405,738900
2022-02-15,56.834556579589844,57.15090944431378,55.16956289644274,55.45261512533011,831600
2022-02-16,55.4193115234375,57.97507643622522,54.88235388399728,57.109279005152814,1064300
2022-02-17,55.62744140625,56.90948736682046,54.928147074000925,55.35271591081765,784700
2022-02-18,54.76164627075195,56.010391648229536,54.7200252357045,55.177894729911145,1050500
2022-02-22,55.23615646362305,56.43495378074037,53.95411074424946,56.149405473069876,1994900
2022-02-23,57.026031494140625,58.033351872228494,55.74398564436154,55.9021620707498,2900500
2022-02-24,59.03234100341797,61.25510555351915,55.36102769692789,59.07396202540554,3957300
2022-02-25,62.50386047363281,63.15320695314516,59.398644654478055,59.43194528822823,2879600
2022-02-28,64.31037902832031,64.59342489703212,62.079287307648876,62.47888857391768,2084100
2022-03-01,65.99202728271484,66.05862855988407,63.85251047737078,64.55181118475285,1620200
2022-03-02,66.07527160644531,66.9826900464586,65.02715592644005,66.599742290462,1697600
2022-03-03,66.83283996582031,67.1741666916775,64.99302285840824,65.5174935392355,1558300
2022-03-04,72.35569763183594,72.53445798782495,66.6779050351641,66.6779050351641,3064300
2022-03-07,73.11331939697266,75.54787684936649,70.80644979589506,73.04521834367414,3075400
2022-03-08,70.19355010986328,74.82431761178206,69.94668867374901,74.0581970332332,2891200
2022-03-09,68.84858703613281,70.19355361967236,66.507666897917,67.58023576151585,2079300
2022-03-10,68.8315658569336,69.69132380933078,68.44850879108458,69.24015919457601,1530100
2022-03-11,68.56768035888672,70.08289305552204,67.33082080992654,68.1080079967939,1318900
2022-03-14,64.91584014892578,67.2908106232799,63.65599673629453,67.26526785937367,1662000
2022-03-15,64.23484802246094,64.98394013111852,62.362114503580024,62.56641117058228,1645200
2022-03-16,65.55426788330078,66.18418629453267,64.46467717377334,64.51574970875966,1844800
2022-03-17,67.25675964355469,67.75047600301578,66.45658856955563,67.40146949900927,2217200
2022-03-18,66.83113098144531,67.2482384903381,65.97988745625116,66.57575532609799,2931900
2022-03-21,69.0018081665039,69.73387822480437,67.41849445850279,68.43999073482777,1761900
2022-03-22,68.53361511230469,69.1720477290031,66.65236778110338,69.00179513453341,1376900
2022-03-23,71.5555419921875,72.33869111719521,68.57618909846317,69.18908559000229,1761700
2022-03-24,74.05819702148438,74.29654420266763,71.50446608970906,71.94710992698172,2358800
2022-03-25,76.03307342529297,77.10564211391096,73.08777152941309,73.26653189510395,3058000
2022-03-28,74.86685943603516,76.71406267329391,73.86239189712138,74.21991908481571,1677600
2022-03-29,73.89645385742188,74.06670647184718,70.80644196842587,71.87901070864916,1491200
2022-03-30,75.00308227539062,76.790692730976,74.4668010870572,74.96051749297055,1929100
2022-03-31,74.05819702148438,77.22907829621069,73.8028213305174,74.84985387011368,1799800
2022-04-01,76.6119384765625,77.25803477710319,74.75622681812901,74.96903775834168,1792600
2022-04-04,75.74365997314453,78.14416671567989,74.41571551306919,78.11862395178697,1344300
2022-04-05,75.47976684570312,77.64192632298867,75.16481087687418,76.82473326373064,1307100
2022-04-06,76.637451171875,78.11010528263644,74.55190719722229,75.59042530506397,2253100
2022-04-07,77.13118743896484,78.93582631013,74.3561313289631,78.01648161192472,1615500
2022-04-08,78.45912170410156,79.08053239482406,77.30994413346443,77.57382757342175,1885900
2022-04-11,77.97391510009766,78.94859269199021,77.10990333641342,78.322928105257,1362400
2022-04-12,77.6334228515625,80.30632755032657,77.48019872576508,79.22525090876492,1473800
2022-04-13,79.67640686035156,80.10202869880908,78.3144182761823,78.61235226420777,1234300
2022-04-14,80.3233413696289,81.10648387180818,78.97837501079526,79.87218333020982,1393200
2022-04-18,80.80004119873047,83.08988856791659,80.53615776016045,81.18310471657786,2068800
2022-04-19,78.01648712158203,80.178646918809,77.0290413031508,79.81261186466281,1951900
2022-04-20,79.06350708007812,79.30186075504258,77.80367012763395,78.44210285872316,1254100
2022-04-21,77.58233642578125,79.33589605599187,76.06712394983542,79.07201263440912,1921800
2022-04-22,73.65811157226562,77.81218471686627,72.64512955635298,77.19928825327118,1602700
2022-04-25,71.58108520507812,72.56001683541304,69.13801975177417,71.62364999119141,2423500
2022-04-26,70.73835754394531,73.13886476836379,70.36806857408293,71.53001452723623,1983500
2022-04-27,71.50447845458984,72.12588927968075,69.52959311895634,71.8109267389532,1254500
2022-04-28,71.89603424072266,72.88347994181682,69.5380923077917,71.65768706996843,1357700
2022-04-29,69.81900024414062,72.65194156175033,69.46147947530004,72.2024850253583,1197300
2022-05-02,70.44892120361328,71.05330337211922,68.47403633804696,68.95073066938163,1525300
2022-05-03,75.41166687011719,76.25440270414208,70.67024031163021,70.91710173321064,2456500
2022-05-04,80.85111999511719,82.14500740970176,75.85601927651271,77.58234119360503,4876300
2022-05-05,81.35334777832031,81.67681799712155,76.47571926146256,79.15713780761062,3094500
2022-05-06,79.29334259033203,82.98773669472226,77.88878935229758,82.65575221048344,2778000
2022-05-09,72.10032653808594,77.91006769985054,71.163959926125,77.12266481338742,3188000
2022-05-10,71.33423614501953,75.70536857239871,69.86158144930364,72.10035040281068,2249000
2022-05-11,73.40274047851562,76.14373948957855,72.07479601021898,73.01116269674748,1666000
2022-05-12,71.92156982421875,73.01967484570308,69.93817717536433,73.01967484570308,1997300
2022-05-13,73.11331939697266,75.24142860399706,71.66620773398562,72.6621612841993,2076500
2022-05-16,75.78620910644531,76.63745262150272,74.10075058353631,74.19012751571267,2027200
2022-05-17,77.02052307128906,77.09713187723143,75.02009543426217,76.74812538159418,1886100
2022-05-18,75.70101928710938,77.27393940783116,74.73979328750973,76.64477135954245,1851000
2022-05-19,76.12921142578125,77.70911853889173,74.21549294978712,74.21549294978712,1749600
2022-05-20,79.63330841064453,80.18383375515549,76.39135175310783,76.77584479792273,2546500
2022-05-23,83.77534484863281,84.08118861650561,78.89929849148096,80.41978369954438,2232400
2022-05-24,85.52301025390625,85.95993172041194,82.40339124973127,82.9189553800996,2272300
2022-05-25,86.72891998291016,89.3067542325215,85.91624570531144,86.5104592272857,2695200
2022-05-26,87.55906677246094,88.34115999841707,86.41433456489492,87.14836615871467,2140700
2022-05-27,90.13691711425781,90.80977336794308,86.2657919139001,87.12215441859045,1485200
2022-05-31,85.09483337402344,91.75351978107444,83.2685046089661,91.37776700481908,2659600
2022-06-01,87.38432312011719,88.03096524447552,84.51811838848052,86.44931112940773,1949600
2022-06-02,85.67157745361328,87.82123065774579,84.36955311457197,87.13089381573229,1598100
2022-06-03,86.32695770263672,86.46676912708011,84.5617909674224,85.82886741931259,1229700
2022-06-06,87.16584014892578,87.47168386870129,86.08227668448122,86.81630161194245,1561500
2022-06-07,89.62134552001953,90.26799420925803,86.1347134443047,86.31821969387981,2088500
2022-06-08,86.98234558105469,90.83599030077103,85.54050308946115,89.98836806855694,1868300
2022-06-09,85.619140625,87.17458010831741,83.03255946147114,85.43562772695195,1700900
2022-06-10,85.78516387939453,86.2745204824395,83.03780399943648,84.52683451973299,1416300
2022-06-13,81.59073638916016,83.99991856624045,79.88673826587171,83.02383860553647,1965700
2022-06-14,76.59234619140625,84.28216118443206,75.84084062008667,83.6617334066019,3469200
2022-06-15,77.11663818359375,79.56340104201149,75.52624432568994,76.88943715620965,2267000
2022-06-16,73.70865631103516,76.77060028766262,73.08822857605895,75.2903166872775,2482500
2022-06-17,70.1521224975586,73.75235844378828,68.15976131056806,72.72996362418425,4944300
2022-06-21,73.00959014892578,74.35530259112645,71.94786736687088,72.35420785554905,2634200
2022-06-22,72.345458984375,74.71357259043053,69.17341146044159,70.09968285856642,2686100
2022-06-23,66.70916748046875,73.18434692819415,65.55569505526128,73.01831463459321,4052000
2022-06-24,73.22805786132812,73.33291477140551,66.42081899488431,67.45195416764115,15768300
2022-06-27,74.45143127441406,75.43013797043616,72.23187561298758,73.63875690485932,3779400
2022-06-28,77.45745849609375,78.78570385551077,76.30398577180758,77.61911735005724,2818800
2022-06-29,76.03307342529297,79.23483512586928,75.70974914868411,78.78567992370388,1914700
2022-06-30,70.86866760253906,76.65351079615667,70.10842844180138,74.27665671458698,2436000
2022-07-01,72.44158172607422,72.87850320009531,69.88558843629384,71.38423255897031,1197300
2022-07-05,67.0324935913086,70.41426829349493,65.55569683501987,69.96860651098368,2875400
2022-07-06,64.96148681640625,67.90634018979496,63.35361886194962,66.81403641631307,3079000
2022-07-07,68.5966796875,69.25642879269306,66.91890262513404,67.11988279394284,2027700
2022-07-08,68.55298614501953,70.1390134497878,67.94129866304216,69.2782774928595,1166100
2022-07-11,69.22583770751953,70.4841736551485,68.01119657297475,68.70153328497162,1205600
2022-07-12,68.77143859863281,69.35691845133928,66.86734070031659,66.94511000401877,1792600
2022-07-13,72.16197204589844,73.69993125620532,68.29084645741244,68.29084645741244,1916300
2022-07-14,69.03360748291016,70.2971839060951,65.73484832360748,69.287022791419,2460500
2022-07-15,72.686279296875,72.71249352676845,68.8588483938521,71.06093037453364,1539000
2022-07-18,75.77965545654297,76.88943297831221,74.73104000267377,75.05436426765621,1695600
2022-07-19,77.44871520996094,77.49241003378167,74.99321811642109,75.35149700444762,1690300
2022-07-20,80.27122497558594,80.39356247208327,75.92822384924978,76.46126865551399,2953800
2022-07-21,79.5721435546875,79.6507928935555,76.74963432337125,76.89818603725249,2198200
2022-07-22,78.42742156982422,80.84796412662385,78.33129829137319,79.39738798554347,991700
2022-07-25,80.6644515991211,81.45091169492288,78.59344779155218,79.46729086091116,1595000
2022-07-26,80.5595932006836,82.62186333940197,80.50715808400878,82.4733049535323,1625300
2022-07-27,80.73435974121094,81.26740454090599,79.0827968919569,80.43725630106272,1868900
2022-07-28,81.17129516601562,82.04513837518095,78.85560932834859,81.5470480126325,1401600
2022-07-29,82.289794921875,82.83070662693909,81.35478316478026,81.7305359269899,1329000
2022-08-01,79.01288604736328,80.55959196104837,77.26519996801319,80.55959196104837,1701100
2022-08-02,78.86434173583984,79.70323033267026,77.44871347856068,78.93425078563253,1824500
2022-08-03,79.98285675048828,83.33404419179097,76.73215939754088,80.97903733711492,4381400
2022-08-04,76.91565704345703,80.1663540328369,76.52243036472908,79.26629681987383,3536600
2022-08-05,80.39356231689453,80.90039289677289,75.5874254392541,76.17289869520312,1694800
2022-08-08,81.10137939453125,82.1762093862489,80.13840655117104,80.27123108131322,1501500
2022-08-09,82.69176483154297,84.63169745540755,82.30727842577318,82.57816763593492,2863100
2022-08-10,82.14124298095703,82.70924227111887,79.98284967847793,82.49078151850993,1572400
2022-08-11,85.0336685180664,85.06862304151424,82.42087955910654,84.32585775220517,5400900
2022-08-12,85.82011413574219,85.9948867234671,83.95009078188714,84.95501149390462,2534800
2022-08-15,83.80155181884766,84.51810287019157,80.83048404489966,83.06752017262825,1990500
2022-08-16,86.86418914794922,87.40149204428464,84.07916150601298,85.11795302681486,3394600
2022-08-17,88.05520629882812,88.57907708199328,86.174642936451,87.1955203855179,2159200
2022-08-18,91.56559753417969,91.60141863669486,88.65519956854561,88.65519956854561,2559600
2022-08-19,86.26421356201172,89.79250742099748,86.26421356201172,89.63579775422518,3748000
2022-08-22,89.6939926147461,89.85517733062025,85.04630867275648,87.71491595116235,2639300
2022-08-23,89.88204193115234,92.81034687629524,88.6059416965683,91.34171591212538,2999300
2022-08-24,92.90886688232422,93.16856477588068,89.30713428013162,90.40144412756887,2181800
2022-08-25,92.95362854003906,93.531227543955,92.17453499710076,93.27601160386345,1535600
2022-08-26,92.82826232910156,94.52077007505929,92.23722440782035,92.99840401950784,1394700
2022-08-29,92.9267578125,94.47598791913238,90.8939599411558,91.6909606196815,1275900
2022-08-30,87.66117095947266,90.30291361369855,85.70896562046715,89.8014319299019,2429100
2022-08-31,89.989501953125,91.03276849100835,84.93884271459615,85.2254046986199,2416100
2022-09-01,87.77759552001953,89.88204249296852,86.95373069734559,88.45818277153019,1506200
2022-09-02,89.31787109375,90.87605827712169,88.73579014585897,90.84023717532476,1400100
2022-09-06,86.44329833984375,89.32683226396931,86.12987222465117,88.8074365118348,2050600
2022-09-07,87.52686309814453,87.77223390486027,83.17290796261655,84.62542197211032,1719600
2022-09-08,89.90890502929688,90.46411500203249,86.98418017771888,88.36863188136658,1438500
2022-09-09,92.04021453857422,93.3745181450361,91.47604755032764,91.75365255264596,1713100
2022-09-12,92.98049926757812,93.87600632361064,91.53873236079166,93.66107971099566,1403300
2022-09-13,90.8312759399414,94.01927869669233,90.11486760189173,92.15662931568043,1661700
2022-09-14,93.63421630859375,94.86106344432501,92.29991269790978,93.35661130539702,2238400
2022-09-15,92.76557159423828,93.31183143874605,90.44263156456319,91.01933558781282,1817800
2022-09-16,90.0700912475586,92.9894390040884,88.81638014309428,92.76556226515463,4652900
2022-09-19,91.57453918457031,91.8790082567037,87.34774544599128,87.77758493984729,1643100
2022-09-20,91.88796997070312,92.81481612417936,89.44771486427258,91.11783343636226,1898200
2022-09-21,91.41336059570312,94.35062260380505,90.85814376941984,93.84914084598566,1450800
2022-09-22,88.23431396484375,94.05511014749825,88.06416542859259,93.45512202685482,1794400
2022-09-23,83.21946716308594,84.17765939568595,81.11950212011982,84.11497417793366,3189500
2022-09-26,81.57173156738281,84.37467292614949,81.40158987863879,82.40455337330297,2418400
2022-09-27,82.28813171386719,84.07914558393882,81.63441547730945,82.65529283667621,2026500
2022-09-28,85.51197052001953,85.825396636583,82.3418745863985,82.35083157035088,1686100
2022-09-29,84.03438568115234,85.36869622213675,81.59861203001894,84.98362788349313,2115900
2022-09-30,84.36571502685547,85.42241357738618,82.03739815529622,82.3597812271311,1801500
2022-10-03,88.59252166748047,89.07609634312729,85.95077833633773,85.95077833633773,2433700
2022-10-04,91.55664825439453,92.56857569710895,90.06025795225321,91.1984440312791,2946900
2022-10-05,91.7357406616211,92.6939328929084,90.05218310342097,91.74469081259036,2111700
2022-10-06,91.02828979492188,93.01631646909557,90.47307298388083,91.18948133153532,2414400
2022-10-07,89.96263122558594,92.7387015229063,89.8999460096914,90.89395931328765,2765200
2022-10-10,87.42835998535156,94.43122557623937,87.16866209380095,91.96858093090933,1719700
2022-10-11,86.5059814453125,88.22535337700371,84.90302297293547,85.53883217166992,1612100
2022-10-12,89.11190795898438,90.62531021912078,84.98809501069309,85.72689242210764,1992800
2022-10-13,91.30589294433594,91.77156041058002,87.81341427621015,88.47609437569778,1557100
2022-10-14,85.35973358154297,89.92681826902741,85.13585681419397,89.50592885326299,1806700
2022-10-17,87.04328918457031,87.46417862340998,85.03735515215739,85.17168258636664,1658800
2022-10-18,88.19847106933594,89.5059102997767,86.65819813610632,87.19550773210759,1912800
2022-10-19,89.12981414794922,89.65816685161285,87.77401655089336,88.67310364684616,1274800
2022-10-20,88.51190185546875,91.02828097958685,87.69699410030077,90.2671014540281,1126600
2022-10-21,86.88207244873047,88.89696288135774,85.36418859610494,88.62831492297917,1825800
2022-10-24,86.60447692871094,88.45817605506763,85.52987131396175,86.69402625791074,1645000
2022-10-25,88.55667877197266,88.87906180974578,85.18062068973957,86.48805997307477,1809800
2022-10-26,88.47610473632812,89.97159996245355,87.6522330069993,88.87908020084149,2198700
2022-10-27,87.78654479980469,90.84917691458519,87.75968068457998,89.68502198440133,1528500
2022-10-28,87.63433074951172,89.10296193738283,85.78958819620036,88.29700413131273,1091800
2022-10-31,91.58349609375,92.78347900302674,88.94175322825603,89.11190174122669,2073800
2022-11-01,91.94170379638672,93.05213741664237,90.53575805297278,92.56856280759743,2091800
2022-11-02,92.9267578125,96.09685339287041,91.2297750640911,92.9178076617219,3606000
2022-11-03,88.76264953613281,92.59541811093902,88.15370454924557,91.699911179174,2672400
2022-11-04,90.32978820800781,91.4849929895569,87.6611744996565,90.98350445333219,1616300
2022-11-07,93.33870697021484,94.42226972894433,91.337248078062,92.11185979768136,2247400
2022-11-08,93.80435943603516,94.15271160878221,89.59547921568978,91.8431968949424,1882600
2022-11-09,88.39550018310547,91.99544235409373,88.31490782796136,91.5745529469814,1617200
2022-11-10,91.17156219482422,91.5566304642205,88.8969736770155,90.6432163633281,1423600
2022-11-11,91.72677612304688,95.14761236002131,90.4641080584013,93.07899351524321,2321400
2022-11-14,91.65287017822266,94.18466433404016,91.50502468462048,92.65079906139275,2050300
2022-11-15,94.50807189941406,94.90539786972438,91.29250981148716,92.32278258753801,1528800
2022-11-16,92.00399017333984,93.74483345041993,90.9783350004947,92.9187612289695,1264100
2022-11-17,92.29043579101562,92.35511643296813,90.04508343514841,91.20934203995469,1039500
2022-11-18,91.34795379638672,91.86539897939994,89.268923907929,90.09129516650154,1306200
2022-11-21,90.62721252441406,91.19086111660698,86.8941985079482,90.35924786175997,1509000
2022-11-22,94.41566467285156,94.6743872288894,91.13541514533823,91.93930912987943,1286700
2022-11-23,95.59839630126953,96.27847001222278,93.9721312403829,94.54502191117471,1130100
2022-11-25,95.117919921875,96.9567041938928,94.4803485656383,96.09737164622379,704200
2022-11-28,90.77506256103516,93.14977640623513,90.56254345466179,92.26272450429612,1952100
2022-11-29,91.75450897216797,92.92800257538691,90.61335216350129,92.17031207142281,1969100
2022-11-30,95.63536071777344,96.02344454760812,91.80070474766,92.81711779946264,9147000
2022-12-01,94.41566467285156,97.15998487733744,94.29554550030855,96.34684878732033,1722100
2022-12-02,94.01834106445312,94.75755442831327,92.68314230134733,93.63025722077404,1801500
2022-12-05,88.5389404296875,96.3930522648913,87.46708883329514,94.38794540594024,2172100
2022-12-06,86.59851837158203,90.3130483397206,85.85284045114443,87.45785093095412,2041600
2022-12-07,88.58513641357422,88.9824623194946,86.19193887335787,86.78330667989142,2086100
2022-12-08,86.95887756347656,90.94137195903404,86.44143245862291,90.4516461205603,1114600
2022-12-09,87.52252197265625,88.48349644275507,86.50610897244074,86.75558940762636,1749900
2022-12-12,91.4495849609375,91.92545118158613,88.5389420528349,89.48143238848682,2156000
2022-12-13,92.3551025390625,94.57273529328091,91.34793168736933,93.96289033942546,2584800
2022-12-14,91.6251449584961,93.58404827384392,91.3664153614997,93.09432244500697,2055000
2022-12-15,91.40337371826172,92.31815175859548,90.62720610185055,90.90440580071434,1325700
2022-12-16,90.22988891601562,91.15390210092175,88.45578529291453,89.7216788444528,4033300
2022-12-19,88.64982604980469,90.85821696871123,88.03073186631785,89.98040022479934,1257600
2022-12-20,88.40957641601562,89.35206670522584,87.5779631904415,88.05845396506686,1094300
2022-12-21,91.01530456542969,91.07074310419712,88.99171330447919,90.64569785776973,1040700
2022-12-22,86.74635314941406,90.85821595194658,85.8223399870015,90.64568982274086,1343500
2022-12-23,89.9711685180664,90.00812989231176,86.4506734050555,87.23609027086198,1146600
2022-12-27,91.2093505859375,91.93007982084114,90.24837592284533,90.66418613120953,1054100
2022-12-28,86.51535034179688,90.00812603693058,86.45066970205335,89.85103844070115,930800
2022-12-29,87.39317321777344,87.95682185354559,85.56362391565602,85.76690795474256,655100
2022-12-30,87.1991195678711,87.79048739320837,86.27510645957403,86.67243237812819,735900
2023-01-03,79.58524322509766,86.42294135679934,79.29418390165618,85.99327866284939,1985800
2023-01-04,82.49589538574219,82.88397922849813,78.14379416427913,78.35632029702325,1703900
2023-01-05,78.4394760131836,82.36653191438414,78.16689382490122,82.20945137025474,2333100
2023-01-06,81.1191177368164,81.15607910989311,78.53187801873577,78.91072680552618,1505100
2023-01-09,82.41273498535156,84.24227707189881,81.95996346674973,82.84702229317,1991400
2023-01-10,81.65504455566406,82.7962013592201,80.01029522791,82.49589285584906,1938500
2023-01-11,82.76386260986328,83.82000761800984,80.86501518884867,83.05030444793698,1378500
2023-01-12,84.53795623779297,85.26515691353546,83.70634304088385,84.23303727364335,973700
2023-01-13,84.27922821044922,84.40858947158219,82.90245076001405,84.11290558189826,890800
2023-01-17,83.6047134399414,85.92398138527979,82.8377808286968,85.60057819067691,1526300
2023-01-18,82.07085418701172,84.86137101869339,81.59037041289024,83.60471952106917,2380400
2023-01-19,83.9927978515625,84.0759556523209,80.26902593594642,81.51644229494933,1890700
2023-01-20,83.96968841552734,86.0441003123361,83.49751626660834,84.83363838707503,1179600
2023-01-23,85.22174072265625,85.91475062415905,84.04824000830118,84.84289192599731,1183500
2023-01-24,84.86135864257812,85.50355450659748,83.87266492011915,85.34184939628665,1226400
2023-01-25,84.26998901367188,84.63959565094399,82.49126808689394,84.54719575404103,1006200
2023-01-26,81.18379974365234,84.88447004568572,79.14173143200765,84.4825265624109,3265500
2023-01-27,80.98052215576172,82.19097727963778,80.43073313395182,81.35937097906869,1462900
2023-01-30,79.6868896484375,80.73564651556325,79.37272857086928,80.4815414971415,1209200
2023-01-31,80.13041687011719,80.58318131357461,78.97540049929484,79.81624875143007,1441300
2023-02-01,77.413818359375,80.26902257683165,76.21260552861379,79.08627985702918,1995200
2023-02-02,78.9846420288086,79.35424162505105,77.1550930089026,77.94050272540844,1874100
2023-02-03,78.17151641845703,80.25054614793547,77.61710990052839,79.23413302345605,1753600
2023-02-06,76.56372833251953,78.56883512790178,76.04628323684945,78.17150920096634,1197000
2023-02-07,78.624267578125,78.68895525974091,76.51751893766925,76.88712557012784,1577900
2023-02-08,75.75059509277344,79.25259844805746,75.07606244526086,78.54111148119598,2067200
2023-02-09,75.9354019165039,76.83169581136961,75.02063086025355,75.97236328893415,1486900
2023-02-10,77.46925354003906,77.53394122356072,75.53806957928037,76.95180846914876,1701500
2023-02-13,77.12737274169922,77.60785644036565,75.87995649644299,76.37892440447754,1087900
2023-02-14,77.49698638916016,78.11699702100266,76.4574715825226,77.19206035396118,862300
2023-02-15,76.84093475341797,77.51546038593258,75.96311805607584,76.74852780131619,1113000
2023-02-16,77.53395080566406,78.91072849638198,76.41588863270451,77.10889853100471,1702100
2023-02-17,74.00420379638672,76.33272069330579,73.55143936352036,76.04627889593364,1773800
2023-02-21,72.1099853515625,73.76396969656112,71.30609139236385,73.38512093026246,2460200
2023-02-22,73.64382934570312,74.95593309334518,72.00832952493023,74.38304252607443,2955600
2023-02-23,74.77113342285156,76.157152981331,73.44055944048014,74.84505615788888,2073500
2023-02-24,78.91073608398438,79.09553592143588,74.24446616688351,74.65103426887114,2603600
2023-02-27,75.70438385009766,80.01028067771296,75.26085451716366,79.47435850622801,1987900
2023-02-28,74.66949462890625,76.45746472984126,73.46828185647206,76.19411761859226,2212200
2023-03-01,75.15923309326172,75.75060804889551,73.00628761511018,74.0134586566481,1547400
2023-03-02,75.84300231933594,76.10172487774102,74.46621762692735,75.16846960664185,1409400
2023-03-03,77.77418518066406,77.85735003002736,74.38305861046578,74.38305861046578,1791600
2023-03-06,74.58365631103516,76.50267284534948,73.81886190470483,76.02877867040922,2588400
2023-03-07,74.29273986816406,75.04345882727216,73.74846898078002,74.35842724013203,1274500
2023-03-08,73.59832763671875,75.16544572816986,72.83822990026125,73.89861378094523,1495400
2023-03-09,71.81538391113281,74.75068256668025,71.78723320047771,73.89862241225647,1065600
2023-03-10,70.54854583740234,72.61301225021404,70.01366090212197,71.68400308038744,1195500
2023-03-13,69.68522644042969,71.07404726506726,67.8272008773869,68.69990866073645,1321100
2023-03-14,70.11688232421875,71.80598919188579,69.07526320076688,69.91043425875819,974300
2023-03-15,67.24539947509766,68.29170805633358,65.45306131303087,67.12340352433465,2395900
2023-03-16,68.73745727539062,69.00959277765527,65.38738626520446,65.7064372378945,1913700
2023-03-17,67.63013458251953,68.36677817265459,66.65420281922151,67.83658265005766,2739400
2023-03-20,69.19725799560547,70.1544250805367,67.49876502487317,67.76151452759562,1655200
2023-03-21,70.3233413696289,71.10220397540205,68.99081469161628,70.06059184870422,1279800
2023-03-22,69.23479461669922,70.76907272692799,69.07526915577651,70.37963787157882,1178200
2023-03-23,68.64360046386719,70.15441709186761,67.78027872197727,69.53507291221648,1783200
2023-03-24,69.72274780273438,70.47345946876112,67.72396197281354,68.09932138551956,1563500
2023-03-27,70.73622131347656,71.47755431473317,69.00019177960588,69.85413477223612,1225700
2023-03-28,71.1209716796875,72.29396565680455,70.21072720794274,70.37963862702307,974400
2023-03-29,70.48285675048828,71.62769992151055,70.31394534559342,71.62769992151055,1066000
2023-03-30,70.36087036132812,71.08343146503397,69.87290088194857,71.00835813599299,961400
2023-03-31,71.35556030273438,71.95613256065036,70.70806542866812,71.05527417377638,883000
2023-04-03,72.13444519042969,74.1332244884996,70.98960184396604,73.1479066157202,1397300
2023-04-04,71.60891723632812,72.7068447826501,70.37962212750438,72.50977554043394,1421500
2023-04-05,71.99368286132812,72.82885403945156,70.83007478608663,72.23766762463902,1045700
2023-04-06,70.64238739013672,71.84822862244874,70.34210122152543,71.66524185031666,846500
2023-04-10,72.7631607055664,73.99245605963402,71.29644576586543,71.44002010909838,1450900
2023-04-11,74.01122283935547,74.05813829791536,72.50978497771224,72.79130636661692,1522800
2023-04-12,74.18013763427734,75.08568549509693,73.76724148749841,74.36781379587505,1252900
2023-04-13,75.56895446777344,75.89739131311767,73.76723763669685,73.79538834352832,1781800
2023-04-14,75.9912338256836,76.26336208822842,75.40942632092943,75.56895176018288,2007000
2023-04-17,76.56365203857422,77.13138421876211,76.18266529260391,76.94839746239164,1406200
2023-04-18,76.34783935546875,76.94372235354649,75.70973028870671,76.52613674687493,930200
2023-04-19,75.9443130493164,76.3384372591551,74.77131921571112,75.07160535073862,764200
2023-04-20,76.00061798095703,76.01938989242008,74.84639600450821,75.32497235601795,1071700
2023-04-21,75.86924743652344,76.24460693330323,74.97777489613496,75.9255560146419,1096000
2023-04-24,77.38945007324219,77.64281361658217,75.72848662901401,76.07569541596361,1015400
2023-04-25,74.90270233154297,76.54020448381915,74.46165545526654,76.5261291289922,1281900
2023-04-26,74.44288635253906,74.84639653923904,73.03529367698846,74.14260020146374,1311400
2023-04-27,75.40943908691406,76.0100114440917,74.00184628239384,74.44289317331214,1191600
2023-04-28,77.58650970458984,78.14485595294413,75.50327136861343,75.79417156817145,1433000
2023-05-01,77.17362213134766,77.84926784613349,76.32906498786537,76.67627380223794,1044700
2023-05-02,75.17483520507812,76.28214175616644,73.57956633153465,75.76602156563881,2019600
2023-05-03,72.28457641601562,73.9267679093644,70.22010997384616,72.09690025195904,2402900
2023-05-04,72.22827911376953,73.82354807729874,71.49633200910584,72.35026791141776,1828700
2023-05-05,73.79539489746094,75.29682572337016,72.98837448614968,74.33027985292193,1431400
2023-05-08,73.49510192871094,75.7754022455085,73.18542983595647,75.29681875301398,1355000
2023-05-09,73.27926635742188,73.58893844360892,72.50040390344762,73.194814239036,2007500
2023-05-10,72.91329956054688,74.00184136014376,72.10627916688345,73.92676803064327,1102000
2023-05-11,72.50040435791016,73.03528925586517,72.06874348933123,72.22826893131746,831500
2023-05-12,74.86516571044922,75.02469117150834,72.29396494263703,73.30743344710736,1352200
2023-05-15,76.95777893066406,77.31436646707482,75.20766703322775,75.7847851353032,1638000
2023-05-16,75.0528335571289,77.49265907021552,74.7806981541413,77.01407562638315,1616400
2023-05-17,74.53852081298828,75.81479658854117,73.83847153114849,75.68145456024746,1806400
2023-05-18,78.31973266601562,78.41497592809088,73.87179893449061,74.06229272523623,2336000
2023-05-19,77.3577651977539,79.10074537296354,77.01012399338555,78.919778073919,1519900
2023-05-22,77.92924499511719,78.36736992160343,75.9348184788044,76.2624620661253,1721100
2023-05-23,76.93869018554688,78.9674075444089,76.73867712855694,78.94835452949782,1298100
2023-05-24,76.16720581054688,77.62444890337831,76.03386378026136,77.62444890337831,1086500
2023-05-25,75.20523834228516,75.8814750569468,74.64805754076667,75.0718963008925,1079400
2023-05-26,73.93848419189453,75.32905643261053,73.12890540836352,75.20524089471404,1067800
2023-05-30,71.92881774902344,72.86221931136023,70.63349609097897,72.75744952579397,1556900
2023-05-31,71.6716537475586,72.8050682716678,70.98589058226884,70.98589058226884,1689600
2023-06-01,72.52886199951172,73.13842767884802,71.66213148466397,71.96691432433212,1172800
2023-06-02,75.84337615966797,76.40055696020877,73.23367258279589,73.4813109163461,1292900
2023-06-05,73.9956283569336,77.14822639414929,73.70036477142395,77.14822639414929,1168100
2023-06-06,75.35763549804688,75.6909906108136,73.02413517548692,73.33844453892259,833700
2023-06-07,77.37681579589844,78.14830304199354,75.75765830972637,76.04338813673525,1635700
2023-06-08,77.51016235351562,77.58635988513163,76.02434681998646,77.58635988513163,945100
2023-06-09,76.10054016113281,77.57682910526911,75.85290183031528,77.3863425533148,1029300
2023-06-12,75.18618774414062,75.87195092227046,74.53852332775087,75.24333225345285,743800
2023-06-13,76.7291488647461,77.47205656415932,75.9386231623373,76.16720846986539,1135700
2023-06-14,75.96720886230469,77.31968246555398,75.37668884119996,76.9577550590301,984700
2023-06-15,77.65302276611328,79.40552947653427,76.19102002284123,76.31007592853356,1260600
2023-06-16,78.44355773925781,79.0245511552909,77.86256432322472,77.91018959336355,1057000
2023-06-20,77.15775299072266,78.42450229802692,76.33864778253132,78.1673447403835,1257700
2023-06-21,77.96733093261719,78.86263365531619,77.08155471687763,77.12917998507912,978700
2023-06-22,77.22442626953125,77.42443932391325,76.19578147562724,77.02441321514924,809000
2023-06-23,76.75772857666016,77.38634731667584,76.18626161902557,76.20531463535147,1315100
2023-06-26,77.58634948730469,78.4530799434385,76.9291585817349,76.9291585817349,1135300
2023-06-27,77.92924499511719,78.52928423357939,76.38627761058981,77.14823842762486,1114800
2023-06-28,77.44348907470703,78.50070617865214,77.3434861756453,78.34355149924447,856100
2023-06-29,80.00556182861328,80.03413408089685,77.4244308844673,77.65301616933097,1454700
2023-06-30,79.70079040527344,80.64371119822525,78.79596837633737,80.17701405557584,1348400
2023-07-03,79.80555725097656,80.7141942094727,79.59601768990402,79.71983321844871,421600
2023-07-05,79.34838104248047,80.18653930447704,78.95788143399253,80.18653930447704,823100
2023-07-06,77.4339599609375,79.08645642774125,76.52913076455239,78.95787402160217,1108400
2023-07-07,78.24354553222656,79.44363114008617,77.26728561657161,77.48158480132611,1575700
2023-07-10,78.90072631835938,79.06264787268483,78.00543084899815,78.82453606134271,1143600
2023-07-11,80.22463989257812,80.92944886534544,79.01502774299215,79.31028408294948,1191600
2023-07-12,80.1103286743164,80.93896029327358,79.6912496118652,80.26271643646554,1270700
2023-07-13,79.43409729003906,80.93896559783512,79.02454470669191,80.18653144393708,1151300
2023-07-14,77.26251983642578,79.44362480647979,77.00535502194589,79.29122976581088,1263900
2023-07-17,77.00536346435547,77.53873889857722,75.94814637024336,77.07203448530865,1482800
2023-07-18,77.63397216796875,79.09121519993971,77.15774857495364,77.3101363460889,1322000
2023-07-19,78.23402404785156,79.06265585091404,77.5863595649812,77.64350408015912,1141300
2023-07-20,79.50077056884766,79.75316850067014,78.31973805139573,79.2245600032202,915700
2023-07-21,79.13884735107422,79.99605142510767,79.0531305769692,79.99605142510767,752500
2023-07-24,79.45314025878906,79.97698910287048,79.0769268282907,79.48171251090348,879100
2023-07-25,78.9388198852539,79.46266874237074,78.31020852330902,79.38647122377277,1172400
2023-07-26,79.35791015625,79.4817256914767,77.91971267303317,78.10067998856141,817900
2023-07-27,78.25305938720703,80.1198548828217,77.94826933085045,79.7007758219263,998800
2023-07-28,80.4627456665039,80.91991627033076,78.5292716741582,79.30075887633407,3016900
2023-07-31,80.32940673828125,81.03898263643003,79.76270666384188,80.95802548293871,1079100
2023-08-01,80.43417358398438,80.45322659975335,78.24830871996302,79.39600948906399,2037900
2023-08-02,78.56737518310547,80.00557263051523,77.24347402685679,80.00557263051523,2321400
2023-08-03,80.02462005615234,80.99612038489074,78.06258091631062,79.1388437642303,1313000
2023-08-04,81.3104248046875,82.61051327358514,80.35797754934356,80.73895063820443,1704500
2023-08-07,82.76766204833984,83.40579991999175,81.39613577300827,81.96760263219797,1379400
2023-08-08,83.05339050292969,83.48199609034447,81.13897691890084,81.61520050496487,1922000
2023-08-09,83.60581970214844,84.82495103786343,83.44390541119165,84.7773330346034,1561900
2023-08-10,81.35804748535156,84.23920205174431,81.1389886733209,83.49153469194044,1344000
2023-08-11,80.91039276123047,81.99618206879472,80.54846541424105,81.25327436010296,1230100
2023-08-14,80.31987762451172,81.05325880320872,79.88175276538685,81.05325880320872,1315900
2023-08-15,78.9292984008789,79.78649502764642,78.65308785376233,79.5293374929352,1366000
2023-08-16,79.20265197753906,79.41365560713005,78.04213933215681,78.28191485353418,2018400
2023-08-17,82.72254943847656,84.55347192120077,82.6266406997026,83.92142696657042,8740000
2023-08-18,82.41564178466797,82.75036747298024,81.53326962983184,82.06077138185928,20392500
2023-08-21,83.23087310791016,83.79674711142523,82.41563784475447,82.41563784475447,2515400
2023-08-22,82.54991149902344,83.98856454523673,82.30054292215016,83.25964495295901,2087500
2023-08-23,81.42777252197266,82.08571371653392,81.3702214182055,81.95527430448644,1476400
2023-08-24,81.06330871582031,82.57869183566636,80.63171568475828,81.15922478260613,1470800
2023-08-25,81.64835357666016,82.11351864886143,80.48784099280134,81.51407987719668,1061700
2023-08-28,81.97445678710938,83.03906069219144,81.82099694040251,82.48277972393143,1147700
2023-08-29,82.82804870605469,82.8951855528742,81.42296048119063,81.97444851762066,853600
2023-08-30,84.20916748046875,84.38659902777651,82.5882825865709,82.87601614411112,1466000
2023-08-31,84.6023941040039,84.93807837053515,84.05570620783354,84.39139047436478,1440200
2023-09-01,86.56855010986328,86.76036758633079,85.47037420258891,85.77249367952453,1753900
2023-09-05,85.1299057006836,86.89465007837998,85.0052177427285,86.20409538541412,1719700
2023-09-06,84.78463745117188,85.5902798011612,84.32426516734283,84.52567575484017,1960200
2023-09-07,84.05570983886719,85.24020155129863,83.7487974508709,84.65035579195873,1852200
2023-09-08,84.87094116210938,85.45599401734506,84.54484996666295,84.69830249470593,1460100
2023-09-11,83.84469604492188,85.65739826031101,83.66726451444563,85.59026141223613,1124500
2023-09-12,84.5927963256836,85.40803890706917,84.23793325683216,84.8517579721421,1360700
2023-09-13,83.68165588378906,85.13469493924707,83.21169791680049,84.98603528868514,1453600
2023-09-14,83.95020294189453,85.06276485444486,83.51860993772439,84.83257508934392,1498900
2023-09-15,81.95526885986328,83.60972578259621,81.37021601244979,83.60492558913619,2614900
2023-09-18,81.79222106933594,82.26697921494927,81.31075289737394,82.19504217129204,1121200
2023-09-19,81.20716857910156,83.1253726734743,80.86189125672503,82.655414719216,973600
2023-09-20,80.38233947753906,81.49490135415378,80.26725191607399,80.41111136790533,776600
2023-09-21,79.31773376464844,80.76597985709432,78.92450574327631,80.43988868412075,1480200
2023-09-22,78.7135009765625,80.21449795058494,78.49290429655852,79.40405558847529,1000100
2023-09-25,79.6917953491211,80.01310101356617,78.51306235963202,78.5696475726394,702300
2023-09-26,79.68220520019531,80.01788947583344,78.71351001846664,78.77105380361363,1171600
2023-09-27,82.11832427978516,82.51155233500438,80.52621128448196,80.56457624649306,1271900
2023-09-28,83.1733169555664,83.62409601401632,81.96484652698933,81.96484652698933,907900
2023-09-29,82.70338439941406,83.49943364952307,82.31974206302007,83.34598110538684,934000
2023-10-02,80.21929168701172,82.45400113082574,79.62464580540296,82.45400113082574,1270800
2023-10-03,79.57670593261719,80.6796748599467,78.55046693285482,80.04666393357078,1368500
2023-10-04,78.82860565185547,79.20265489358627,77.44749625631498,79.20265489358627,1626200
2023-10-05,80.54540252685547,80.7947638196726,78.23396281148936,78.40660149279209,1398900
2023-10-06,83.7104263305664,84.46811783337631,80.68925338875599,81.15921866500223,2030200
2023-10-09,85.45599365234375,85.93554469115305,84.78174939927665,85.0531725359123,1840500
2023-10-10,85.11071014404297,86.09858404153881,84.49209256850301,85.45598745232449,1522800
2023-10-11,84.5927963256836,84.94766671190281,83.25964508611659,84.4297507363536,1625000
2023-10-12,85.28335571289062,85.52313123433986,84.25711677378268,84.9380783766143,1292200
2023-10-13,85.28335571289062,86.24245779868751,85.23540499902171,86.07941220027041,1280600
2023-10-16,85.36009216308594,85.61904652641034,83.83512324239703,85.47518705643499,986400
2023-10-17,85.92594909667969,87.27828649872177,83.5090151517416,85.44639807196144,4885400
2023-10-18,85.71495056152344,86.20408732550058,84.40097815374122,86.20408732550058,2238100
2023-10-19,85.13948822021484,86.29041510390856,84.52566347585879,85.17785318140812,1831700
2023-10-20,84.42015838623047,85.24498672646027,84.02693035465181,85.19703601485539,954600
2023-10-23,83.29801177978516,84.02693138840496,82.72255201187181,83.61451721321627,1679000
2023-10-24,83.37474060058594,84.16120398041475,82.64582100157918,84.14202515926335,1054400
2023-10-25,83.10618591308594,83.72001057925746,81.76344171182302,83.56655075403097,1787300
2023-10-26,83.51860046386719,84.02692333207649,80.80434015989486,81.97444572230653,1167500
2023-10-27,82.2813720703125,83.91184275365521,81.50929456803921,83.29801797987665,1048900
2023-10-30,82.09912872314453,82.38686224653995,81.00575304202991,81.80180944837208,1337800
2023-10-31,82.55950927734375,83.20210591847078,81.97445641978983,82.78969172900437,1509300
2023-11-01,83.3555679321289,85.1203123030324,80.84271776847973,84.40098572018988,2233000
2023-11-02,85.0723648071289,85.31214036444028,83.1062096275972,83.35557825606443,1615300
2023-11-03,85.70536041259766,86.2712271139814,85.01480576066848,85.52312868018079,1617500
2023-11-06,81.73468017578125,85.4464005307947,81.4085816645576,85.03399366234267,2892200
2023-11-07,79.21223449707031,81.12085283784448,78.15722370954077,80.91944228619167,2276600
2023-11-08,78.07090759277344,79.60546939474065,78.04213570232528,78.79023412344881,1602100
2023-11-09,77.19812774658203,78.61760210670447,77.12619801438346,78.24355286453495,953500
2023-11-10,75.85537719726562,77.85511139959806,75.06891381336565,77.68726561484105,2232100
2023-11-13,76.73776245117188,77.54340471733694,76.08557271873748,76.87203616219938,1257100
2023-11-14,78.20518493652344,78.5216903809342,76.7281668466414,76.8720336229525,1093200
2023-11-15,80.41230010986328,80.85661944236631,78.21967967369946,78.44183565528333,1666800
2023-11-16,78.36455535888672,80.32536584795758,77.61114404877479,79.60093076218308,2017500
2023-11-17,78.79922485351562,79.79411457632715,78.42251917923429,78.80887868256427,1163800
2023-11-20,78.97309112548828,79.51400033621931,78.04581503451998,78.47081197037922,949900
2023-11-21,78.88614654541016,79.33046583036224,77.46142573737153,78.8281940989095,1616200
2023-11-22,79.02137756347656,79.88103995070867,77.21512411515815,77.64978222309892,985200
2023-11-24,79.34980010986328,80.07423527696002,78.69297859692215,78.72195482451232,556900
2023-11-27,78.77989959716797,79.02137796265153,77.84296235999818,78.6736485268084,1473400
2023-11-28,78.21967315673828,79.05035193049741,77.75603146573965,79.05035193049741,1647700
2023-11-29,77.04608154296875,78.72194187676315,77.00261720873226,78.72194187676315,1436100
2023-11-30,77.57250213623047,78.8861449386076,76.64522616443503,77.83330287884021,2007700
2023-12-01,77.85261535644531,78.38387065227661,77.07988908990372,77.22477019846308,1247000
2023-12-04,75.65033721923828,77.38898428756987,75.35090642332234,76.92534261290331,1595300
2023-12-05,73.7861328125,76.0106329932373,73.7861328125,76.00773684446906,1191900
2023-12-06,71.4292984008789,74.0565842272778,71.37134595066965,73.32249529351073,2383700
2023-12-07,72.48214721679688,72.65601193507568,71.3520302326521,71.80600337045269,2202100
2023-12-08,72.49180603027344,73.69919782045565,71.68043491521698,72.59805709735625,1543800
2023-12-11,72.54010009765625,72.55942249387704,70.35713359280915,70.91736517385277,1233400
2023-12-12,71.24578094482422,72.03782971028342,70.6469119292487,71.18782112439105,1808500
2023-12-13,72.39521026611328,72.52078373122406,70.7096960090631,71.32304574504721,2239100
2023-12-14,73.18726348876953,74.0759095196184,72.09578387425836,72.49181195106448,1939800
2023-12-15,73.18726348876953,73.39011181110234,72.20203495001925,72.84919523377361,3421700
2023-12-18,73.69920349121094,74.80999812818048,73.51567756679482,74.54920472394173,1513100
2023-12-19,74.29805755615234,74.52988207993523,72.8878248651449,73.38044276651544,1595000
2023-12-20,72.61737060546875,75.03215413535354,72.55941815893856,74.2304442347915,2145900
2023-12-21,74.694091796875,74.71340682412787,72.78157984809698,73.1003330677825,1626800
2023-12-22,74.64578247070312,75.14806153927312,73.87305621269903,74.58783002791968,1440800
2023-12-26,75.29295349121094,75.65034413496579,74.45261347247465,74.52988832020571,875600
2023-12-27,75.43783569335938,75.71795146600851,74.87760414806108,75.29294720828781,1165900
2023-12-28,74.87761688232422,76.18160610040016,74.83898682444759,75.60205206155054,1174100
2023-12-29,74.3173828125,75.18669901748555,74.22078557253738,74.95488185411172,740600
2024-01-02,74.36566925048828,75.66965084291273,74.0324279544537,75.20601654616969,929000
2024-01-03,75.28329467773438,75.43783699362916,73.4094202756684,73.93101440931567,1071400
2024-01-04,74.33670043945312,76.22023614459569,74.08556087156711,76.10432387418636,1024800
2024-01-05,76.5003433227539,77.32137566178135,73.13896859830244,74.23044815854455,5817400
2024-01-08,76.07051086425781,76.26852488952986,74.1145420295832,75.07079427868354,1924700
2024-01-09,75.67931365966797,76.5872746167768,74.71823453994926,76.5872746167768,1892900
2024-01-10,74.54920196533203,75.59239028235547,74.16283510317503,75.23499964522662,1570700
2024-01-11,76.90603637695312,80.16116019172469,75.92080046918501,77.24410463184012,7821800
2024-01-12,80.04525756835938,80.17082367537208,78.41286133051686,79.45604972047546,3442900
2024-01-16,75.97875213623047,79.5719438202343,75.55374787893922,79.20489937851379,4122800
2024-01-17,74.36566925048828,75.63102079262937,74.09521468249913,75.18669415169373,2390100
2024-01-18,73.74749755859375,74.34636660841277,72.83954383902136,74.34636660841277,2650900
2024-01-19,73.35147094726562,73.44323390560548,72.28896023947235,73.36112477600199,2103300
2024-01-22,72.7429428100586,73.63641573894557,71.88328039071232,72.87817010955115,1803100
2024-01-23,72.3372573852539,72.98441762546811,71.65145972287748,72.3662336095419,1617100
2024-01-24,73.83442687988281,74.1937409076889,72.46282417268903,72.79123857953874,2512900
2024-01-25,74.7134017944336,74.9326689757359,73.93584119415301,74.42363218913725,2233700
2024-01-26,74.86795043945312,75.30260852602738,73.3852698184773,74.93556408334989,2081900
2024-01-29,74.83897399902344,75.24465586122643,74.02760290528298,75.24465586122643,1859000
2024-01-30,76.42308044433594,76.5100091239562,74.1628389728501,74.36567992796601,1978700
2024-01-31,74.4815902709961,76.5969431855622,74.44295284683334,76.46171588566014,1441200
2024-02-01,74.3077163696289,75.45619026338652,73.8537359034539,74.59749333039336,1640100
2024-02-02,73.97930908203125,75.05147362258256,73.5832883916423,73.8923804070684,1090200
2024-02-05,72.78158569335938,73.63159434745364,72.21170022694224,73.51568206662196,1876600
2024-02-06,73.43840789794922,73.99863953985935,72.53044677963524,73.35147921351613,2544100
2024-02-07,73.44805908203125,74.25942283678211,72.44350821710063,73.82476473521339,1879600
2024-02-08,74.6361312866211,74.6844299083095,72.99408131990553,73.1099935903567,1531300
2024-02-09,74.21112823486328,74.59749506843977,73.7861239809957,74.44294538727542,1923800
2024-02-12,74.91624450683594,75.77590688415185,74.13385697383342,74.15317200024438,1602800
2024-02-13,73.82476806640625,74.36567726064759,73.01339690570919,74.24011116036586,1989100
2024-02-14,73.26454162597656,74.2014789528204,72.15373956457061,73.87307188161174,2359400
2024-02-15,75.42817687988281,76.41341271404163,73.40942133057273,73.95999169577863,2168800
2024-02-16,76.04637145996094,76.42307712730232,74.5781788447486,75.43784125169023,1743000
2024-02-20,75.00318145751953,76.24921070216054,74.89693038763531,75.70829415474954,1984000
2024-02-21,80.9918441772461,81.45258974349866,76.79012199479418,76.79012199479418,6010200
2024-02-22,80.44127655029297,80.73105355324823,78.60603939335873,79.53331548574612,2421000
2024-02-23,79.13728332519531,79.53330397797579,78.16170875036069,79.53330397797579,2020800
2024-02-26,79.18558502197266,79.91484699750083,78.68330591923264,79.33046613878754,1640100
2024-02-27,79.14695739746094,79.9100299742516,78.6929768570241,79.70718164693416,1817200
2024-02-28,79.25320434570312,79.74581491684421,78.46115558323905,78.82820005436409,1276900
2024-02-29,79.95832061767578,80.43161618267958,79.17109873467126,79.32082152165736,1710300
2024-03-01,79.98728942871094,80.81797557479355,79.62024497529512,80.45093112137774,1539500
2024-03-04,79.610595703125,81.38788052702684,79.54298204712163,81.04981224701002,2619100
2024-03-05,80.09354400634766,80.7793416929421,79.1179766973058,79.52365859033321,2324900
2024-03-06,79.68016052246094,80.95434785152916,79.45158524445529,80.88626207217388,1346000
2024-03-07,79.30082702636719,79.92332772126943,79.00903399982818,79.74824893702858,1226200
2024-03-08,79.76770782470703,80.28321552709896,79.26192136216848,79.73852926355939,985100
2024-03-11,81.07106018066406,81.2266890559786,79.04792932633438,79.65098008698838,2699300
2024-03-12,81.45039367675781,82.13125885323892,80.8570715950326,81.2558650096449,2590000
2024-03-13,82.63703918457031,83.12822890053664,81.46012366156702,81.46012366156702,2628000
2024-03-14,82.09236145019531,82.97747663840968,81.15861037899158,82.63704771986569,2550200
2024-03-15,81.18778991699219,82.54951302834075,80.8668108953069,82.01454799219862,7173600
2024-03-18,81.19751739501953,81.82973934751259,80.54583070026877,81.39204608489527,1779000
2024-03-19,82.34524536132812,82.63703836384646,80.88625808635742,81.2364082052208,1775300
2024-03-20,83.83341979980469,84.31974894138231,81.70329578504068,81.80056012919745,1280400
2024-03-21,83.89178466796875,84.53374275610499,83.77506299172731,83.9598704572443,1669300
2024-03-22,83.95013427734375,84.03767738188333,83.28386572618827,83.73614826712902,1186000
2024-03-25,84.40728759765625,85.02006708693378,83.88205121575866,84.18358034029623,1550900
2024-03-26,83.38600158691406,84.97143198745053,83.33736570227671,84.41701703823767,1746900
2024-03-27,85.33131408691406,85.4674856523187,82.89966838926888,83.01638263344785,1619400
2024-03-28,86.40123748779297,86.68330928175521,85.37994331726736,85.59392932791417,1993000
2024-04-01,87.29607391357422,87.5392384648655,86.08025115711774,86.89728048747577,1316800
2024-04-02,86.53740692138672,87.44197940359192,85.963534686907,87.40307218254297,1241600
2024-04-03,87.83104705810547,87.85049695886752,86.55685964477158,87.05291745333354,1483000
2024-04-04,86.8778305053711,88.54107514411648,86.5763088367123,87.65596003707576,1233400
2024-04-05,87.0626449584961,87.40307387326747,85.58420021321216,86.34287248635802,1879100
2024-04-08,87.72405242919922,88.03043474049579,86.64440114742678,87.15018018661686,1686100
2024-04-09,87.45170593261719,88.25900663212711,86.46931903225756,87.79213483250612,1194300
2024-04-10,87.53923797607422,87.85048830315742,86.44985812088643,86.77083710778906,1395200
2024-04-11,85.57447052001953,87.59759390829286,84.81579090102485,87.59759390829286,2102900
2024-04-12,86.16779327392578,87.68514523353223,85.486935447739,86.21642915613644,1577300
2024-04-15,85.16595458984375,86.80002075808203,84.73799000299597,86.32342029007732,1645700
2024-04-16,84.88388061523438,85.306991992163,83.1087823107008,84.72825915697507,1547400
2024-04-17,84.76716613769531,85.95381036434887,84.39755126138418,84.8157945966671,907300
2024-04-18,84.93252563476562,85.46749068808535,84.59209670119589,85.19514012043537,1081100
2024-04-19,85.11732482910156,85.6863290101353,84.3002880470679,84.75743860810188,1217200
2024-04-22,85.99272155761719,86.68330804159204,84.25166235683817,84.74771273355648,1235200
2024-04-23,86.10943603515625,86.51795073031444,84.88388452888795,85.56474977494533,1186500
2024-04-24,88.21038055419922,88.33682345734512,85.53557032160744,85.89544913086638,1795300
2024-04-25,88.96905517578125,89.0371409594042,87.43225329309882,88.07421132793853,1471700
2024-04-26,89.54291534423828,89.7277227847904,88.0644780822017,88.5799857629066,1515500
2024-04-29,90.41831970214844,90.60312716407245,89.2705825475357,89.41162216451801,2159800
2024-04-30,87.42251586914062,91.02135564204725,87.33498019359733,90.31131189475924,2014500
2024-05-01,84.31002044677734,87.44684193197224,83.61943395487226,87.2474452025422,4027400
2024-05-02,84.41700744628906,85.36048710301476,83.78477812181164,85.07841532991581,2047900
2024-05-03,84.30029296875,84.77690087809259,82.75376983577219,84.24193584548108,2836700
2024-05-06,86.64440155029297,87.43225238413845,85.02978524002904,85.02978524002904,2000300
2024-05-07,86.19697570800781,87.55383068463198,86.15806848799939,86.64439760691454,1968200
2024-05-08,85.95381927490234,86.39151255498955,85.2535040901275,85.72037593278131,1195100
2024-05-09,85.88572692871094,86.79029940315498,85.75927660618842,86.52767751852636,1404600
2024-05-10,84.73799133300781,86.51795033106715,83.93068318621081,85.85654240923729,1259700
2024-05-13,85.9732666015625,86.38178130684862,84.66990804066087,85.06869408511811,1429400
2024-05-14,88.32709503173828,88.42436679527157,85.86627079853699,85.86627079853699,1865800
2024-05-15,89.45943450927734,89.62609686611526,87.44965792020834,88.4986614010201,2030700
2024-05-16,89.32218170166016,90.46922141559985,89.22414546177983,89.61629790098678,1526600
2024-05-17,89.89080047607422,90.25353530397956,88.99865350862872,89.81236849394342,1025800
2024-05-20,89.80255889892578,91.15155752090517,89.37119797448136,89.69471679789338,1526500
2024-05-21,88.94964599609375,90.10649164292737,88.55749353485275,89.1555243553159,1277100
2024-05-22,87.9888687133789,88.78297198737627,86.8320231208011,88.78297198737627,1021100
2024-05-23,87.36141967773438,89.01825966795806,87.05750511562141,88.57708540587129,1360200
2024-05-24,87.95945739746094,88.44964607445999,87.29769969163796,87.92024140573874,934600
2024-05-28,88.71434020996094,89.1064926277867,87.9104311192765,88.43983576138848,1283800
2024-05-29,87.57711029052734,88.0476872289357,87.08692161653539,88.00847123745407,957900
2024-05-30,88.14573669433594,88.87611307920366,87.67515224556124,87.86142634732211,1302500
2024-05-31,89.14571380615234,89.8515867033861,87.90553704187118,88.55748888501944,1653300
2024-06-03,89.19963073730469,90.2682384220069,88.02808014331167,89.67511433416696,2051600
2024-06-04,86.82221984863281,88.96924874066744,86.15556291976324,88.78297464181557,2748800
2024-06-05,87.05751037597656,87.43495026473454,86.11634155186304,86.94966827070701,1359200
2024-06-06,86.5771255493164,87.35162459063169,86.27321094969766,87.0084939975644,1152200
2024-06-07,86.5575180053711,86.80261234535243,85.77321312555655,85.90066696934566,1036600
2024-06-10,87.19476318359375,87.93984457807706,86.39085406240928,86.55751641541063,1048700
2024-06-11,86.96927642822266,87.73887626129387,86.20458326904733,86.76339807611282,1028100
2024-06-12,85.45948791503906,87.80258907652762,85.27322131320243,87.56730061754777,1168900
2024-06-13,84.3614730834961,85.47910265251753,83.62619007863013,84.9398921237416,1023100
2024-06-14,83.46932983398438,84.24382886452253,83.32227173052014,83.93991426913274,1484200
2024-06-17,82.96932983398438,84.4497016803378,82.53796889970799,83.75363468124475,1494400
2024-06-18,82.30268096923828,83.50854848033791,82.20464472370902,83.27325999513045,1445600
2024-06-20,82.29777526855469,82.9840364126912,81.61641331841719,82.0379758725826,1296900
2024-06-21,80.80270385742188,82.55758030846707,80.65564575085762,82.35170195115151,4871900
2024-06-24,83.11638641357422,83.65559692120294,81.24876885121006,81.42033787082427,1973700
2024-06-25,81.97916412353516,82.86149783468883,81.50857966185842,82.86149783468883,1418500
2024-06-26,81.11642456054688,81.91053534640024,80.69976865038514,81.76347723941362,1441300
2024-06-27,80.70465850830078,81.82228802460693,80.39093807354266,81.4203372236755,1469500
2024-06-28,80.57721710205078,81.67523495130429,80.14584867288083,81.5085725962834,1814800
2024-07-01,80.88113403320312,81.30269660674544,79.83213053341447,80.5772194382142,1468500
2024-07-02,81.39092254638672,81.98405412137575,80.56740918043894,81.04779197724181,1558600
2024-07-03,81.98895263671875,82.43992530667445,81.35171336201776,81.42033947527872,792800
2024-07-05,80.69486236572266,82.0183778553025,80.19487527111602,81.67523977744932,1995900
2024-07-08,80.97917175292969,81.61641855893666,80.34192494692272,80.80270352172292,1158600
2024-07-09,80.92034149169922,81.18504006592029,80.14584254386601,80.83210364716884,1776900
2024-07-10,81.39092254638672,81.48896626301563,80.34191910375205,80.89093549406932,1201600
2024-07-11,81.84190368652344,82.47914297418194,81.136030804523,81.92032818921253,1472000
2024-07-12,81.84190368652344,82.72914398304032,81.63601786286871,82.62620107121296,1575700
2024-07-15,82.12620544433594,82.59189065870757,81.40072831620314,81.93993883827271,1285200
2024-07-16,81.20466613769531,82.11641746716877,81.03800376599357,82.05758973386682,1877400
2024-07-17,80.4399642944336,82.59679146545552,80.32231632013426,81.38112564977146,2550000
2024-07-18,79.743896484375,81.37132660675957,79.61645011129241,81.21446262787066,1503200
2024-07-19,79.42037200927734,79.64585461340046,78.27332481378536,79.40076027345798,1556000
2024-07-22,79.76350402832031,80.0331093030583,78.95959487799256,79.43017183054813,1493600
2024-07-23,78.4007797241211,79.39586215944989,77.40079061492787,79.20468887088145,2007000
2024-07-24,76.1361083984375,79.03802444952625,76.0723814773495,78.65567788236936,1848600
2024-07-25,75.88121032714844,76.78315571709769,75.74395809301207,76.26355690505487,1840700
2024-07-26,76.26355743408203,77.20471882312545,74.98906384576246,75.91062097823003,3769000
2024-07-29,75.06749725341797,76.3027748722995,74.4694664407674,76.3027748722995,3032200
2024-07-30,74.74396514892578,75.76355846428666,73.57732121859227,73.97927203232648,3904000
2024-07-31,74.83219909667969,75.75276880903591,74.53808292269555,75.24395575650946,2274400
2024-08-01,73.56752014160156,75.71454901623704,73.05282051662493,75.29298643993158,2487900
2024-08-02,71.00873565673828,73.31262105974136,70.0675742466484,73.31262105974136,4369700
2024-08-05,69.70482635498047,70.14600063931651,68.05779214876715,68.69503890635116,3539700
2024-08-06,69.33229064941406,70.75383488189436,69.29307465600748,70.12639394676097,2101000
2024-08-07,70.1067886352539,71.44010247227625,69.989140656804,70.57736558968189,1558800
2024-08-08,71.00873565673828,72.0479333112714,70.04796250994815,70.0675742466484,1499900
2024-08-09,71.09696197509766,71.7146044912426,70.24403846946599,71.17539395805028,984700
2024-08-12,71.93029022216797,72.50870927935502,71.36166955329256,71.36166955329256,942500
2024-08-13,70.83226013183594,71.52342792547866,70.57735993877975,71.41067915027607,1078200
2024-08-14,70.75383758544922,71.23422791327143,70.5773693482196,71.23422791327143,908400
2024-08-15,72.20162200927734,72.54751592156099,70.90701549792608,70.90701549792608,1155900
2024-08-16,72.0731430053711,72.33996744778528,71.19360025182098,71.19360025182098,927900
2024-08-19,73.30846405029297,73.67411965739366,72.33997469244215,72.33997469244215,1367600
2024-08-20,72.32020568847656,73.38751853679697,71.67290251483745,73.13057117558877,1131700
2024-08-21,71.51972961425781,73.04163710222495,71.1046584522617,72.9428059676144,1095700
2024-08-22,70.7686538696289,71.94961349896177,70.7004643101695,71.51972673180812,1474900
2024-08-23,72.57716369628906,72.58704077873162,71.22325696565707,71.29243424154294,1036500
2024-08-26,73.02186584472656,74.13364822060822,72.80444941819307,73.42705237413114,1769600
2024-08-27,72.12255859375,73.15033296023465,71.76678764390665,72.84397757444152,1116900
2024-08-28,71.13431549072266,71.55926375333668,70.12629517486737,71.460432614316,1357100
2024-08-29,73.12068939208984,73.17010495800149,71.07501012331021,71.56913562339956,1373100
2024-08-30,73.61482238769531,73.72353061196426,72.5178630626232,72.67598685783533,1670200
2024-09-03,71.34184265136719,72.46844819685066,69.96817435398371,72.3795016854931,3173900
2024-09-04,69.59264373779297,72.0435098919435,69.54323570445702,71.39126051794291,2044600
2024-09-05,71.1540756225586,71.36160743835353,69.21710446871536,70.2251172225418,5483200
2024-09-06,70.00769805908203,72.4091483194236,69.91382054635378,71.34184295686046,4699700
2024-09-09,69.48392486572266,70.17570508428457,69.12815390526377,69.75075685594517,2242100
2024-09-10,69.88911437988281,69.94840702924216,68.30791423232468,69.60252067505087,1537700
2024-09-11,71.49996185302734,71.569139124834,69.13804245022672,70.1855861489438,1287000
2024-09-12,71.49007415771484,71.81619879924907,70.22511407634713,71.52960510272719,998000
2024-09-13,72.3597412109375,72.62656567002509,71.49996010542066,71.88537740174549,1380000
2024-09-16,72.20162200927734,73.29858131911574,71.84585101474826,72.74516312307382,1076700
2024-09-17,72.47833251953125,72.61669461099514,71.91502969051056,72.34986259002042,1198300
2024-09-18,73.63459014892578,74.86001937810862,72.46845357187452,72.50798451988138,2058400
2024-09-19,75.67037963867188,76.52027611162681,74.2868267148087,75.20590045696895,2099800
2024-09-20,77.53816986083984,78.07182628706653,75.0082498014747,75.78896896911615,4030400
2024-09-23,79.31703186035156,79.91986560765156,77.389937777427,77.59746959440216,2830300
2024-09-24,79.1490249633789,80.30528445113578,78.87231586879004,80.30528445113578,1877000
2024-09-25,77.32076263427734,79.48009637798825,77.28123168618058,79.1391485479414,2009000
2024-09-26,79.35655975341797,79.91986253203171,76.5005149148623,76.93534023570439,4966900
2024-09-27,81.6295394897461,82.87473798897868,79.77064242468565,80.2954020104471,3821100
2024-09-30,81.28365325927734,82.73638358771926,80.94765150318585,81.31329958601982,9983700
2024-10-01,80.5029296875,81.48624219728654,79.80127234625425,80.92787794090316,4189700
2024-10-02,82.26201629638672,82.4300247071558,80.70058534851621,82.37072451639607,2127500
2024-10-03,84.20886993408203,84.29781644806044,82.13354426492288,82.40036872734399,3460300
2024-10-04,84.62393188476562,84.98958747542588,83.55761422460694,83.93709772943241,3573600
2024-10-07,84.43617248535156,84.8907670655223,84.05075517738601,84.8117051716429,3424500
2024-10-08,84.98959350585938,85.10818635064534,82.2817876378513,83.48745517069095,2383600
2024-10-09,86.00748443603516,86.20513916244563,84.4658152688178,84.98958709923104,2907300
2024-10-10,85.5924301147461,86.23479485076041,85.42442923387152,86.07667105246126,1966100
2024-10-11,86.3632583618164,87.13409297182668,85.03900557841561,85.08841360689283,2302500
2024-10-14,85.60231018066406,86.57079200454434,85.19712362390793,85.8691346513943,3145000
2024-10-15,84.78205871582031,85.43430048992794,83.5072139530677,84.19898667405415,3493300
2024-10-16,85.44418334960938,85.44418334960938,84.03098407180161,84.98958877951306,2600900
2024-10-17,86.5411376953125,86.91667035200416,85.09335363407749,85.5528867189861,1782400
2024-10-18,85.641845703125,86.4719730250821,85.03901191656952,86.00255525089747,3185600
2024-10-21,84.7425308227539,86.4719702272999,84.18911262602157,85.4738345169727,2397000
2024-10-22,83.37873840332031,85.43429472398988,83.13661419743737,85.05876206362143,1578900
2024-10-23,82.31143188476562,83.11685891327251,81.72835983732757,82.75614184690328,1585900
2024-10-24,84.29781341552734,84.31757511805772,82.06436404175592,82.71660578185323,1400600
2024-10-25,83.79380798339844,85.15759172702317,83.60603786994562,84.75241271454162,1227900
2024-10-28,84.25828552246094,84.37687082145179,81.71848065906042,81.75801160530972,1596900
2024-10-29,84.72276306152344,84.87099468236697,84.01122112244681,84.81170203402957,2015500
2024-10-30,87.65786743164062,89.34778340670938,84.99947716404324,84.99947716404324,3837000
2024-10-31,83.7246322631836,88.24093937341671,83.66533961141812,88.14211577388845,2600900
2024-11-01,82.67708587646484,84.90065072321488,82.12366016535,84.50534879806345,2615200
2024-11-04,84.83146667480469,85.43430041963568,82.4349623978356,82.43990093878246,2180100
2024-11-05,85.65171813964844,86.12608196914823,84.05075623707086,84.11993351014819,2035800
2024-11-06,91.27486419677734,92.03581415956874,88.16187199675332,88.6955284487366,4172200
2024-11-07,91.05745697021484,91.42311259642423,89.96049763134431,90.97839507161427,3220700
2024-11-08,91.40333557128906,92.36194027588728,90.16802178490107,90.53367737998444,1837700
2024-11-11,94.61515808105469,95.48482387337985,92.52994765955872,93.14266605508257,2812900
2024-11-12,94.45703887939453,94.90669492483065,93.64667330530708,94.1111525135811,2212300
2024-11-13,95.01045227050781,95.36622324018023,93.77513849796662,93.85420038895091,1928200
2024-11-14,94.63763427734375,95.98974308161277,94.12860427731182,95.36339398860534,1848600
2024-11-15,94.43878936767578,95.55626756025642,93.96157896205543,94.4586775592315,2414900
2024-11-18,95.86048889160156,96.97399244777431,95.08501631601368,95.36339030877626,2633500
2024-11-19,95.15460968017578,96.19851973668749,94.45867469924957,94.91600448458999,2610300
2024-11-20,97.6898193359375,98.99221524523247,95.2023390251351,95.94003013401132,4691000
2024-11-21,100.38409423828125,100.68234885237939,98.49511800850185,99.41972172393939,3853000
2024-11-22,98.85302734375,99.89693743193124,97.67987435093941,99.4197194411597,3284100
2024-11-25,98.29627990722656,99.91681861278983,98.19685411911568,99.60861990798963,7018000
2024-11-26,98.316162109375,98.92262301810487,97.21260259251396,97.44127128970834,2605400
2024-11-27,98.17697143554688,99.17116861464102,97.5804546451149,97.61027934686811,1560200
2024-11-29,98.38574981689453,99.131397685178,97.65999013943382,97.65999013943382,1791900
2024-12-02,97.27224731445312,98.65418835682836,96.41724472795006,98.4255196706447,1953200
2024-12-03,97.41144561767578,98.1173247239844,97.32196392483857,97.89860012496315,1818900
2024-12-04,96.91434478759766,97.79917967412625,96.06927111350225,97.74946678090092,1382200
2024-12-05,96.168701171875,97.79918401847621,96.09910766934165,96.84475559010889,1825300
2024-12-06,96.0096206665039,96.60613745311352,95.14466639559036,96.10903886675176,1571100
2024-12-09,96.56636810302734,98.7088693694809,96.38741230955696,98.54482592670617,2493100
2024-12-10,96.4570083618164,97.62022484273457,96.17863436129673,97.03364455439156,1684400
2024-12-11,99.02204132080078,99.66330277359403,96.47689887188714,96.91434807471522,3395100
2024-12-12,99.08169555664062,99.9267616507782,98.56470877037869,99.23081906698292,3672600
2024-12-13,97.95824432373047,99.59867114408009,97.68981442973109,99.22087895638258,1757400
2024-12-16,96.14881134033203,97.87871236318313,95.98974373087766,97.73952536048952,1664100
2024-12-17,96.1885757446289,96.38741214364377,94.6873359011627,95.42304726478702,1678200
2024-12-18,93.9516372680664,96.67076727094143,93.47441926512377,96.51666791549705,2390900
2024-12-19,93.7726821899414,95.5423520411877,93.70308868742462,95.19438452860379,2712100
2024-12-20,94.31948852539062,95.8505530818993,93.45453425430773,93.66331475040585,7952700
2024-12-23,96.06927490234375,96.31782420802777,93.54401304637935,93.89198814243527,1398900
2024-12-24,96.90440368652344,97.22254649167839,95.3236261716028,96.49677918782218,1031500
2024-12-26,95.64176940917969,96.21840561648102,94.96571499702846,96.03944981370209,1275600
2024-12-27,96.04939270019531,96.67076595408585,95.0353073021772,95.58211879964998,1101000
2024-12-30,99.2606430053711,100.87124517077976,96.92428114480506,96.92428114480506,2637700
